Daily update on Mon Oct 27 16:29:03 UTC 2025
Daily update on Tue Oct 28 05:42:46 UTC 2025
Daily update on Wed Oct 29 05:42:58 UTC 2025
Daily update on Thu Oct 30 05:41:08 UTC 2025
Daily update on Fri Oct 31 05:42:01 UTC 2025
Daily update on Sat Nov  1 05:39:36 UTC 2025
Daily update on Sun Nov  2 05:40:23 UTC 2025
Daily update on Mon Nov  3 05:42:17 UTC 2025
Daily update on Tue Nov  4 05:42:31 UTC 2025
Daily update on Wed Nov  5 05:42:25 UTC 2025
Daily update on Thu Nov  6 05:42:18 UTC 2025
Daily update on Fri Nov  7 05:42:18 UTC 2025
Daily update on Sat Nov  8 05:39:48 UTC 2025
Daily update on Sun Nov  9 05:39:50 UTC 2025
Daily update on Mon Nov 10 05:41:59 UTC 2025
Daily update on Tue Nov 11 05:42:24 UTC 2025
